Volkswagen, Tata Motors plan to cooperate in India
Tata Motors enters into MoU with Volkswagen Group
Volkswagen and Tata Motors agree to explore cooperation in India: sources
Tata Motors Group's February global wholesales up 3%
Tata Motors Soars On Jaguar Strength In The U.S.
Automobile manufacturers report positive February sales figures
Tata Motors' February sales up 2%
'Demonetisation affected automobile sales in north and west'
Tata Motors considering to raise Rs 500 cr
Tata Motors' future vehicles to use Microsoft's technologies
India's Tata Motors, Microsoft ink technology collaboration deal
Tata Motors, Microsoft ink technology collaboration deal
Sensex ends at 2-week low; Tata Motors plunges
Tata Motors posts 96 percent profit plunge
Tata Motors Tumbles 13% On Bad Earnings Report
India's Tata Motors posts 96 percent profit plunge
Tata Motors' consolidated Q3 net profit plunges
Tata Motors says set for first TAMO brand car launch next month
Tata Motors launches new sub-brand TAMO
India's Tata Motors Rises As Sales Slip
Tata Motors launches hybrid, electric buses
Chandrasekaran appointed Tata Motors Chairman
Tata Group Said Planning to Raise Stakes in Key Listed Units
Sensex ends higher ahead of quarterly results
Tata Motor Rebounds 18% From December Low On Strong JLR Sales
For Tata, Jaguar And Land Rover Made for A Great Year In 2016
Tata Nano contributed to traffic congestion: Mandaviya
Tata Motors Emerges as Key Battle in Biggest Indian Proxy Fight
Tata Motors' Union extends support to Ratan Tata
Tata Sons hikes stake in Tata Motors
Tata Motors (TTM) November Wholesales Up 1%; Stock Gains
Sensex ends higher; Tata Motors surges after stake sale
